No_of_requests,total_execution_time,Peak_cpu_percent,Peak_memory_percent
1,14.029502391815186,51.4,41.5
2,22.06029224395752,100.0,58.6
3,51.11676359176636,100.0,69.1
4,49.114802837371826,100.0,79.9
3,47.112077713012695,100.0,80.5
4,50.12755036354065,100.0,84.1
5,121.2547595500946,100.0,88.2
6,121.27516508102417,100.0,66.9
7,120.28892874717712,100.0,61.8
8,121.27623748779297,100.0,68.3
9,121.27370882034302,100.0,75.8
10,123.26906442642212,100.0,70.8