No_of_requests,total_execution_time,Peak_cpu_percent,Peak_memory_percent
1,118.19494223594666,55.7,59.7
2,120.1929886341095,31.1,59.9
3,121.19398140907288,40.2,61.4
4,121.18934607505798,50.9,62.4
5,79.13941168785095,63.7,59.1
6,121.24759602546692,76.4,60.7
7,121.32112312316895,100.0,71.2
8,121.27655482292175,100.0,83.9
9,134.42707228660583,100.0,80.3
10,130.34823489189148,100.0,63.5
20,314.5730924606323,100.0,62.3
15,249.45029377937317,100.0,64.3