No_of_requests,total_execution_time,Peak_cpu_percent,Peak_memory_percent
1,14.02950239,51.4,41.5
2,22.06029224,72.2,58.6
3,51.11676359,100,69.1
4,49.11480284,100,79.9
3,47.11207771,100,80.5
4,50.12755036,100,84.1
5,121.2547596,100,88.2
6,121.2751651,100,66.9
7,120.2889287,100,61.8
8,121.2762375,100,68.3
9,121.2737088,100,75.8
10,123.2690644,100,70.8
