{
    "geowiki_landcover_2017,Kenya,Mali,Mali_lower_CEO_2019,Mali_upper_CEO_2019,Togo,Rwanda,Uganda,digitalearthafrica_sahel,Ethiopia_Tigray_2020,Ethiopia_Tigray_2021,Ethiopia_Bure_Jimma_2019,Ethiopia_Bure_Jimma_2020,Argentina_Buenos_Aires,Malawi_CEO_2020,Malawi_CEO_2019,Malawi_FAO,Zambia_CEO_2019,Tanzania_CEO_2019,Namibia_CEO_2020,Sudan_Blue_Nile_CEO_2019,Hawaii_CEO_2020,EthiopiaTigrayCorrective2020_February_2022": {
        "normalizing_dict": {
            "mean": [
                -11.34676928963961,
                -18.293409796841523,
                1449.7379423506975,
                1391.414341903862,
                1396.8438180100472,
                1638.214258854396,
                2392.244351562458,
                2762.2486618052785,
                2654.959989845073,
                3016.0932213367196,
                844.0172291166597,
                2341.489528740903,
                1522.1067341714247,
                292.53846120391654,
                0.003541049040974463,
                840.1452555505961,
                5.988411798172347,
                0.3481682003556923
            ],
            "std": [
                4.262207807178182,
                5.218149636635509,
                1157.7507029621263,
                1099.5307820573394,
                1291.6490536288018,
                1241.9134849283437,
                1174.1244581132175,
                1224.0930979066632,
                1168.6653347312165,
                1235.4351222342368,
                723.2086309272233,
                1075.2254443581114,
                940.7479447841084,
                16.420100342714957,
                0.00412400074490701,
                719.111699656232,
                7.484802364488751,
                0.23677439779957102
            ]
        },
        "train_num_timesteps": [
            12
        ],
        "val_num_timesteps": [
            12
        ]
    },
    "geowiki_landcover_2017,Kenya,Mali,Mali_lower_CEO_2019,Mali_upper_CEO_2019,Togo,Rwanda,Uganda,digitalearthafrica_sahel,Ethiopia_Tigray_2020,Ethiopia_Tigray_2021,Ethiopia_Bure_Jimma_2019,Ethiopia_Bure_Jimma_2020,Argentina_Buenos_Aires,Malawi_CEO_2020,Malawi_CEO_2019,Malawi_FAO,Zambia_CEO_2019,Tanzania_CEO_2019,Namibia_CEO_2020,Sudan_Blue_Nile_CEO_2019,Hawaii_CEO_2020_September_2022": {
        "normalizing_dict": {
            "mean": [
                -11.319425731264474,
                -18.274478184067057,
                1451.307177921282,
                1394.7840587086932,
                1403.0986305915471,
                1644.0034109598587,
                2396.05838162298,
                2765.352050069141,
                2657.9181903397425,
                3018.362214273784,
                846.6527318852195,
                2347.3488176992273,
                1528.4560765070007,
                292.53689189775423,
                0.0035346482858298798,
                849.0881392390496,
                6.108325029701773,
                0.3470642367150429
            ],
            "std": [
                4.268464158973387,
                5.215475807388421,
                1157.3073339913765,
                1098.7623236404531,
                1290.969130304876,
                1240.8715408444032,
                1171.4151921584667,
                1220.656351087801,
                1165.379907499812,
                1231.6475867589338,
                722.5175011793742,
                1073.887565240119,
                940.5031371123614,
                16.43746455610971,
                0.004146131013762158,
                724.9558909308251,
                7.637983561269605,
                0.23587481686448467
            ]
        },
        "train_num_timesteps": [
            12,
            7
        ],
        "val_num_timesteps": [
            12
        ]
    },
    "geowiki_landcover_2017,Kenya,Mali,Mali_lower_CEO_2019,Mali_upper_CEO_2019,Togo,Rwanda,Uganda,open_buildings,digitalearthafrica_eastern,digitalearthafrica_sahel,Ethiopia,Ethiopia_Tigray_2020,Ethiopia_Tigray_2021,Ethiopia_Bure_Jimma_2019,Ethiopia_Bure_Jimma_2020,Argentina_Buenos_Aires,Malawi_CEO_2020,Malawi_CEO_2019,Malawi_FAO,Malawi_FAO_corrected,Zambia_CEO_2019,Tanzania_CEO_2019,Namibia_corrective_labels_2020,Malawi_corrected,Namibia_CEO_2020,Namibia_WFP,Sudan_Blue_Nile_CEO_2019,Hawaii_CEO_2020,HawaiiAgriculturalLandUse2020,KenyaCEO2019,HawaiiCorrective2020,HawaiiCorrectiveGuided2020,MalawiCorrectiveLabels2020,NamibiaFieldBoundary2022,SudanBlueNileCEO2020,SudanBlueNileCorrectiveLabels2019,EthiopiaTigrayCorrective2020_February_2022": {
        "normalizing_dict": {
            "mean": [
                -11.368800854552337,
                -18.467177183967298,
                1446.344843871322,
                1414.4537541985221,
                1451.8009092197487,
                1691.2019775062943,
                2449.941253367103,
                2831.8946180974253,
                2728.9727813022982,
                3106.808969517214,
                865.5717106776737,
                2606.08485502203,
                1768.8216606018575,
                290.0616993134077,
                0.003463824096064716,
                891.4276994764975,
                5.470829660155419,
                0.3394961653827321
            ],
            "std": [
                4.139374539371061,
                5.022029718677264,
                993.1285972286968,
                964.549062546514,
                1166.9296857751508,
                1118.4666701644294,
                1051.0449850189598,
                1113.3746401785145,
                1078.6463873030084,
                1148.13771537709,
                677.0179206640952,
                1276.6423867934757,
                1187.0193178196387,
                35.39551940409483,
                0.004331232623421134,
                630.4000296192017,
                6.93443916352825,
                0.2263184272365326
            ]
        },
        "train_num_timesteps": [
            12
        ],
        "val_num_timesteps": [
            12
        ]
    },
    "geowiki_landcover_2017,Kenya,Mali,Mali_lower_CEO_2019,Mali_upper_CEO_2019,Togo,Rwanda,Uganda,open_buildings,digitalearthafrica_eastern,digitalearthafrica_sahel,Ethiopia,Ethiopia_Tigray_2020,Ethiopia_Tigray_2021,Ethiopia_Bure_Jimma_2019,Ethiopia_Bure_Jimma_2020,Argentina_Buenos_Aires,Malawi_CEO_2020,Malawi_CEO_2019,Malawi_FAO,Malawi_FAO_corrected,Zambia_CEO_2019,Tanzania_CEO_2019,Namibia_corrective_labels_2020,Malawi_corrected,Namibia_CEO_2020,Namibia_WFP,Sudan_Blue_Nile_CEO_2019,Hawaii_CEO_2020,HawaiiAgriculturalLandUse2020,KenyaCEO2019,HawaiiCorrective2020,HawaiiCorrectiveGuided2020,MalawiCorrectiveLabels2020,NamibiaFieldBoundary2022,SudanBlueNileCEO2020,SudanBlueNileCorrectiveLabels2019,EthiopiaTigrayCorrective2020_November_2022": {
        "normalizing_dict": {
            "mean": [
                -11.363600430172939,
                -18.475127981196426,
                1450.4328626061358,
                1420.0432888037856,
                1460.2193169767331,
                1698.9099594594784,
                2456.095104053176,
                2837.5927228335795,
                2734.10176408695,
                3111.559334607576,
                868.4728681889706,
                2612.95910278317,
                1776.4613618719611,
                290.0037993048394,
                0.003469156075501947,
                894.2585360332348,
                5.582854863396833,
                0.3376249623725362
            ],