{
    "geowiki_landcover_2017,Kenya,Mali,Mali_lower_CEO_2019,Mali_upper_CEO_2019,Togo,Rwanda,Uganda,open_buildings,digitalearthafrica_eastern,digitalearthafrica_sahel,Ethiopia,Ethiopia_Tigray_2020,Ethiopia_Tigray_2021,Ethiopia_Bure_Jimma_2019,Ethiopia_Bure_Jimma_2020,Argentina_Buenos_Aires,Malawi_CEO_2020,Malawi_CEO_2019,Malawi_FAO,Malawi_FAO_corrected,Zambia_CEO_2019,Tanzania_CEO_2019,Namibia_corrective_labels_2020,Malawi_corrected,Namibia_CEO_2020,Namibia_WFP,Sudan_Blue_Nile_CEO_2019,Hawaii_CEO_2020,HawaiiAgriculturalLandUse2020,KenyaCEO2019,HawaiiCorrective2020,HawaiiCorrectiveGuided2020,MalawiCorrectiveLabels2020,NamibiaFieldBoundary2022,SudanBlueNileCEO2020,SudanBlueNileCorrectiveLabels2019,EthiopiaTigrayCorrective2020_February_2022": {
        "normalizing_dict": {
            "mean": [
                -11.368800854552337,
                -18.467177183967298,
                1446.344843871322,
                1414.4537541985221,
                1451.8009092197487,
                1691.2019775062943,
                2449.941253367103,
                2831.8946180974253,
                2728.9727813022982,
                3106.808969517214,
                865.5717106776737,
                2606.08485502203,
                1768.8216606018575,
                290.0616993134077,
                0.003463824096064716,
                891.4276994764975,
                5.470829660155419,
                0.3394961653827321
            ],
            "std": [
                4.139374539371061,
                5.022029718677264,
                993.1285972286968,
                964.549062546514,
                1166.9296857751508,
                1118.4666701644294,
                1051.0449850189598,
                1113.3746401785145,
                1078.6463873030084,
                1148.13771537709,
                677.0179206640952,
                1276.6423867934757,
                1187.0193178196387,
                35.39551940409483,
                0.004331232623421134,
                630.4000296192017,
                6.93443916352825,
                0.2263184272365326
            ]
        },
        "train_num_timesteps": [
            12
        ],
        "val_num_timesteps": [
            12
        ]
    },
    "geowiki_landcover_2017,Kenya,Mali,Mali_lower_CEO_2019,Mali_upper_CEO_2019,Togo,Rwanda,Uganda,open_buildings,digitalearthafrica_eastern,digitalearthafrica_sahel,Ethiopia,Ethiopia_Tigray_2020,Ethiopia_Tigray_2021,Ethiopia_Bure_Jimma_2019,Ethiopia_Bure_Jimma_2020,Argentina_Buenos_Aires,Malawi_CEO_2020,Malawi_CEO_2019,Malawi_FAO,Malawi_FAO_corrected,Zambia_CEO_2019,Tanzania_CEO_2019,Namibia_corrective_labels_2020,Malawi_corrected,Namibia_CEO_2020,Namibia_WFP,Sudan_Blue_Nile_CEO_2019,Hawaii_CEO_2020,HawaiiAgriculturalLandUse2020,KenyaCEO2019,HawaiiCorrective2020,HawaiiCorrectiveGuided2020,MalawiCorrectiveLabels2020,NamibiaFieldBoundary2022,SudanBlueNileCEO2020,SudanBlueNileCorrectiveLabels2019,EthiopiaTigrayCorrective2020_November_2022": {
        "normalizing_dict": {
            "mean": [
                -11.363600430172939,
                -18.475127981196426,
                1450.4328626061358,
                1420.0432888037856,
                1460.2193169767331,
                1698.9099594594784,
                2456.095104053176,
                2837.5927228335795,
                2734.10176408695,
                3111.559334607576,
                868.4728681889706,
                2612.95910278317,
                1776.4613618719611,
                290.0037993048394,
                0.003469156075501947,
                894.2585360332348,
                5.582854863396833,
                0.3376249623725362
            ],
            "std": [
                4.158643938580521,
                5.033832340345675,
                995.4404722080856,
                966.3849867807796,
                1169.1231682681248,
                1120.5921007114753,
                1052.0931675486324,
                1114.1398883964953,
                1079.790107158016,
                1149.263502546417,
                678.6376328286839,
                1279.0044331212496,
                1189.1036952902348,
                35.56671052686138,
                0.004360463074610253,
                637.8005066512918,
                7.073073454100647,
                0.2262281666560301
            ]
        },
        "train_num_timesteps": [
            12,
            5,
            10
        ],
        "val_num_timesteps": [
            12
        ]
    }
}
