{
    "Argentina_Buenos_Aires,geowiki_landcover_2017": {
        "input_size": 12,
        "normalizing_dict": {
            "mean": [
                0.1919334517293732,
                0.16954543545734813,
                0.1590624049566857,
                0.16158021010995965,
                0.18386010374120604,
                0.25138099250915513,
                0.28561869593879174,
                0.2752968255941858,
                0.30910250555420393,
                0.10048814671099104,
                0.008727803440679732,
                0.2257490021184604,
                0.1503383994951379,
                0.3165278075472385
            ],
            "std": [
                0.14763161039572745,
                0.15096046424832796,
                0.14225442522109105,
                0.16168443890061757,
                0.15686161273988933,
                0.14783084466615104,
                0.15095826111460592,
                0.14408498283543061,
                0.15056208210921998,
                0.09228687990457607,
                0.027006906818862267,
                0.11252277090641734,
                0.09567694447959453,
                0.2354193190786017
            ]
        },
        "num_timesteps": [
            12,
            7
        ]
    },
    "Malawi_CEO_2019,Malawi_FAO,open_buildings,digitalearthafrica_eastern": {
        "input_size": 12,
        "normalizing_dict": {
            "mean": [
                0.13896971154988386,
                0.12148702568489156,
                0.11728238351510122,
                0.11248279159835543,
                0.13431992004656923,
                0.22115164658920913,
                0.2598835970727253,
                0.24567791063748612,
                0.28439286893815435,
                0.06589333285812685,
                0.006557813576638929,
                0.2266201552735992,
                0.1434644516121379,
                0.36803395767934677
            ],
            "std": [
                0.037485228299116276,
                0.0381169595422816,
                0.03766916109427051,
                0.04730038073308876,
                0.043743050530174056,
                0.05690582630222092,
                0.06845526637157422,
                0.0660204119730663,
                0.07398447823222432,
                0.02874163820675223,
                0.011335028288193568,
                0.06881783112667016,
                0.05842586214984163,
                0.16937945072321522
            ]
        },
        "num_timesteps": [
            12
        ]
    },
    "Malawi_CEO_2019,Malawi_FAO,open_buildings,digitalearthafrica_eastern,Zambia_CEO_2019": {
        "input_size": 12,
        "normalizing_dict": {
            "mean": [
                0.1387518396859821,
                0.12054810040285283,
                0.11591888131391476,
                0.1109408640636298,
                0.13321316547877302,
                0.2179935724615223,
                0.25623641411011133,
                0.24297702768309118,
                0.28121466325792804,
                0.06597953000723045,
                0.00640894535688472,
                0.22546404555314584,
                0.14249860654891003,
                0.37013963167509834
            ],
            "std": [
                0.03935695388822909,
                0.040169704360585756,
                0.039708880297879036,
                0.049316250345034736,
                0.045610900612066435,
                0.05844929361712406,
                0.07007480412513967,
                0.06710414355547123,
                0.07529244169862655,
                0.02996394166767049,
                0.01169023246165903,
                0.07046121350130363,
                0.06044713035899712,
                0.17505582552147236
            ]
        },
        "num_timesteps": [
            12
        ]
    },
    "geowiki_landcover_2017,Kenya,Mali,Togo,Rwanda,Uganda,open_buildings,digitalearthafrica_eastern,Ethiopia,digitalearthafrica_sahel_2020": {
        "input_size": 12,
        "normalizing_dict": {
            "mean": [
                0.1681775061208621,
                0.14754278081163844,
                0.1412464312524823,
                0.1414537727355222,
                0.1642703053319085,
                0.23995627910172088,
                0.2765413227205637,
                0.2646354112388406,
                0.30045746868421663,
                0.08495056805079655,
                0.007753711158868136,
                0.22823122697008297,
                0.14892450198959023,
                0.3395462915571244
            ],
            "std": [
                0.1139436835833967,
                0.11614484189966387,
                0.10999620119490588,
                0.12806272951865724,
                0.12377610021847534,
                0.11802516837516085,
                0.12303206856382568,
                0.11782676991237542,
                0.12454175913166306,
                0.07326253951004727,
                0.02159980215254758,
                0.10379591981912241,
                0.08954295443486379,
                0.21967769361836736
            ]
        },
        "num_timesteps": [
            12
        ]
    },
    "geowiki_landcover_2017,Kenya,Mali,Togo,Rwanda,digitalearthafrica_eastern,Ethiopia,Ethiopia_Bure_Jimma_2019_2020": {
        "input_size": 12,
        "normalizing_dict": {
            "mean": [
                0.1719237774872959,
                0.15020090050835558,
                0.14290711416121857,
                0.14280158721859257,
                0.16617008017429588,
                0.2397688444444522,
                0.2757808806100245,
                0.2649062271604784,
                0.29983481713870375,
                0.08733420798837814,
                0.0075668413943359445,
                0.22494922483659635,
                0.1463591289760393,
                0.33808926844626686
            ],
            "std": [
                0.12175329498530846,
                0.12427420277962775,
                0.11701974692780145,
                0.13439768837083674,
                0.129738673649237,
                0.12403322816218253,
                0.1289932485792801,
                0.12345480140635348,
                0.1302881097651915,
                0.0769882223109567,
                0.022306933474992876,
                0.10215227916752956,
                0.0869809516588852,
                0.22813201896564395
            ]
        },
        "num_timesteps": [
            12
        ]
    },
    "geowiki_landcover_2017,Kenya,Mali,Togo,Rwanda,digitalearthafrica_eastern,Ethiopia,Ethiopia_Bure_Jimma_2020_2020": {
        "input_size": 12,
        "normalizing_dict": {
            "mean": [
                0.17195129999826203,
                0.15022456259703756,
                0.14291996659514347,
                0.1428107165907877,
                0.16617608558504082,
                0.23977866435828193,
                0.2757922946430134,
                0.26492538274575017,
                0.29984478387146896,
                0.08734574880364523,
                0.007570880504242095,
                0.2249004017885661,
                0.14632100624488045,
                0.338175597735432
            ],
            "std": [
                0.12181761849738058,
                0.12434167216962144,
                0.11708552221635696,
                0.13447014265611812,
                0.12980822485094676,
                0.12407809207495062,
                0.12902910897932254,
                0.12349123460601448,
                0.13031675079213656,
                0.07702311781806258,
                0.022315099102712718,
                0.1021687693412626,
                0.08700104540221257,
                0.2281792657322005
            ]
        },
        "num_timesteps": [
            12
        ]
    },