{
    "geowiki_landcover_2017,Kenya,Mali,Togo,Rwanda,Uganda,open_buildings,digitalearthafrica,Ethiopia": {
        "input_size": 12,
        "normalizing_dict": {
            "mean": [
                0.16913049330547905,
                0.1482610877673314,
                0.1410823687209193,
                0.14014610844701272,
                0.1630111460608331,
                0.23905319203094103,
                0.2755664152924165,
                0.26384270170607005,
                0.2994644745935277,
                0.08546350417813975,
                0.00782502162926381,
                0.22435879651610427,
                0.14550015061353758,
                0.34232501357544054
            ],
            "std": [
                0.11728433924789636,
                0.11942814891386394,
                0.11245387414498718,
                0.12899914208908275,
                0.12468736275092661,
                0.1190889650727156,
                0.12387534825057923,
                0.11868886239130974,
                0.12518211779362984,
                0.07455299524927923,
                0.022088243121003406,
                0.09751449034122302,
                0.0829928434011131,
                0.21821819971379613
            ]
        },
        "num_timesteps": 12
    }
}