{
    "geowiki_landcover_2017,Ethiopia": {
        "input_size": 12,
        "normalizing_dict": {
            "mean": [
                0.18611344986601275,
                0.1642831099473314,
                0.15497554441090958,
                0.1577793933284319,
                0.18006471600178806,
                0.24714474482851367,
                0.28121006040086544,
                0.2709353991783169,
                0.3047977667740133,
                0.09679887989991137,
                0.0082415058372009,
                0.22576578284429882,
                0.14970790537056003,
                0.31483504426676706
            ],
            "std": [
                0.14149440984858253,
                0.1444629985963735,
                0.13593089353106494,
                0.1546125205516153,
                0.14987110732058737,
                0.14210628514441262,
                0.14575400340755595,
                0.13904542395533256,
                0.14555542509955596,
                0.08865072766010738,
                0.025775205392571582,
                0.10851077440572857,
                0.09243392048297039,
                0.2319051914908842
            ]
        },
        "num_timesteps": 12
    },
    "geowiki_landcover_2017,Kenya,Mali,Togo,Rwanda,Uganda,open_buildings,digitalearthafrica_eastern,Ethiopia": {
        "input_size": 12,
        "normalizing_dict": {
            "mean": [
                0.16913609211957134,
                0.14826364424081664,
                0.14108213805273276,
                0.14014301981452013,
                0.16300620100444332,
                0.23904674360880973,
                0.27555930295740444,
                0.2638329851549435,
                0.29945515871131384,
                0.08546005642072443,
                0.007825091528713982,
                0.22434461101615716,
                0.14549178734212576,
                0.34230778083678504
            ],
            "std": [
                0.11726069451503038,
                0.11940646077959638,
                0.11243362229517752,
                0.12897855153048682,
                0.12466762410872036,
                0.11907188809968008,
                0.12385923783674511,
                0.11867425103307765,
                0.12516586086139603,
                0.07453935383505259,
                0.022083232517775147,
                0.09750979181326686,
                0.08298908909219582,
                0.2181995186117075
            ]
        },
        "num_timesteps": 12
    },
    "geowiki_landcover_2017,Kenya,Mali,Togo,Rwanda,Uganda,open_buildings,digitalearthafrica_eastern,Ethiopia,digitalearthafrica_sahel": {
        "input_size": 12,
        "normalizing_dict": {
            "mean": [
                0.16922356813989906,
                0.14870301582163378,
                0.14237448884161122,
                0.14309067505279702,
                0.16581572875076833,
                0.24100055830468234,
                0.27744568515006757,
                0.2655737505588219,
                0.30133426598219554,
                0.08591242401352397,
                0.007765593221209678,
                0.2293322136408301,
                0.1501072859660655,
                0.33754542449020536
            ],
            "std": [
                0.11588497865638352,
                0.11811037710579078,
                0.11179166097603431,
                0.12999895188816626,
                0.12568784409050518,
                0.1194961416773659,
                0.12422772642394421,
                0.11895069404515893,
                0.12549886486092113,
                0.07434612632390461,
                0.021846890760843767,
                0.10434307672381925,
                0.09013726805761263,
                0.21857492395148817
            ]
        },
        "num_timesteps": 12
    },
    "geowiki_landcover_2017,Kenya,Mali,Togo,Rwanda,Uganda,open_buildings,digitalearthafrica_eastern,digitalearthafrica_sahel,Ethiopia": {
        "input_size": 12,
        "normalizing_dict": {
            "mean": [
                0.16922356813989906,
                0.14870301582163378,
                0.14237448884161122,
                0.14309067505279702,
                0.16581572875076833,
                0.24100055830468234,
                0.27744568515006757,
                0.2655737505588219,
                0.30133426598219554,
                0.08591242401352397,
                0.007765593221209678,
                0.2293322136408301,
                0.1501072859660655,
                0.33754542449020536
            ],
            "std": [
                0.11588497865638352,
                0.11811037710579078,
                0.11179166097603431,
                0.12999895188816626,
                0.12568784409050518,
                0.1194961416773659,
                0.12422772642394421,
                0.11895069404515893,
                0.12549886486092113,
                0.07434612632390461,
                0.021846890760843767,
                0.10434307672381925,
                0.09013726805761263,
                0.21857492395148817
            ]
        },
        "num_timesteps": 12
    },
    "geowiki_landcover_2017,Kenya,Mali,Togo,Rwanda,digitalearthafrica_eastern,Ethiopia": {
        "input_size": 12,
        "normalizing_dict": {
            "mean": [
                0.17462844912494047,
                0.1529842368108711,
                0.14540653837411585,
                0.14626920347500835,
                0.16929467762709421,
                0.24083763574260372,
                0.27621997389322506,
                0.265496939004227,
                0.30014773152005453,
                0.08899208873147121,
                0.007672871050837062,
                0.22618301623229958,
                0.1480836638507883,
                0.3303654534822461
            ],
            "std": [
                0.125711758171132,
                0.12830929385300308,
                0.12076038933274208,
                0.13836485439614246,
                0.1337258534567577,
                0.12763048955386144,
                0.13223630672895145,
                0.1264779408899291,
                0.13321490638831696,
                0.07940291420306148,
                0.022965720716906855,
                0.1037379527695944,
                0.08822248286480897,
                0.22764602804637984
            ]
        },
        "num_timesteps": 12
    },
    "geowiki_landcover_2017,Kenya,Mali,Togo,Rwanda,digitalearthafrica_eastern,digitalearthafrica_sahel,Ethiopia": {
        "input_size": 12,
        "normalizing_dict": {
            "mean": [
                0.17456293480056723,
                0.15336157189009036,
                0.14681176860196735,
                0.14958976884058775,
                0.1724457587633184,
                0.24310874817207423,
                0.2784457088970057,
                0.26751829175768693,
                0.30236381862734807,
                0.08942161612731776,
                0.007606727974693685,
                0.2320650397400881,
                0.15349934057159126,
                0.32506377105583506
            ],
            "std": [
                0.12392696058773758,
                0.12658763594717537,
                0.11974544695282058,
                0.13906633914506017,
                0.1344360203237029,
                0.12781230102394042,
                0.13238333164220517,
                0.12652468822834168,
                0.13333253190119698,
                0.07901947434517469,
                0.022667433388478354,
                0.111078840236847,
                0.0959001435474345,
                0.22749880269588832
            ]
        },
        "num_timesteps": 12
    }
}