{
    "geowiki_landcover_2017,Kenya,Mali,Mali_lower_CEO_2019,Mali_upper_CEO_2019,Togo,Rwanda,Ethiopia,Ethiopia_Tigray_2020,digitalearthafrica_eastern,Ethiopia_Bure_Jimma_2019,Ethiopia_Bure_Jimma_2020_February": {
        "input_size": 18,
        "normalizing_dict": {
            "mean": [
                -11.182292333810533,
                -18.156514282601872,
                1476.3308766731825,
                1416.5878675208194,
                1425.616715906373,
                1668.1427256457807,
                2425.6825219000084,
                2795.5824157688953,
                2686.073583213691,
                3046.0354441771997,
                863.591014324245,
                2332.5463395805773,
                1514.5018150918327,
                292.74197452843646,
                0.0036397639350745875,
                851.9244935385175,
                6.556380034247574,
                0.3444903852116259
            ],
            "std": [
                4.189875642018214,
                5.040210379085456,
                1215.3270184576145,
                1143.4278537518915,
                1324.3450262727802,
                1272.5261651765636,
                1195.9194392566426,
                1238.3181614743025,
                1182.3032018438118,
                1243.0254025870956,
                744.5076171560598,
                1011.9088058285026,
                879.4246080257029,
                9.528912265915217,
                0.004253915872701309,
                759.6044301523852,
                8.129960706843747,
                0.17111925057857394
            ]
        },
        "train_num_timesteps": [
            12,
            9
        ],
        "val_num_timesteps": [
            9
        ]
    },
    "geowiki_landcover_2017,Kenya,Mali,Mali_lower_CEO_2019,Mali_upper_CEO_2019,Togo,Rwanda,Ethiopia,digitalearthafrica_eastern,Ethiopia_Bure_Jimma_2019,Ethiopia_Bure_Jimma_2020_February_2020": {
        "input_size": 18,
        "normalizing_dict": {
            "mean": [
                -11.20887460880802,
                -18.172722360780483,
                1481.0428393226437,
                1419.4424063611411,
                1426.236745673508,
                1669.6874193653846,
                2431.9288979382527,
                2803.677520245864,
                2693.769266877554,
                3055.107005929723,
                865.9472490178985,
                2330.8033556358373,
                1511.3145822791416,
                292.67337133181024,
                0.003651860875000157,
                840.3096422493329,
                6.428793754716769,
                0.34537682504584943
            ],
            "std": [
                4.1842411969685305,
                5.050431755320593,
                1225.5329509170997,
                1153.0497164011445,
                1334.9541301551292,
                1282.9408739128266,
                1204.3498383730996,
                1245.8489154894173,
                1189.4546900929533,
                1249.7733491589315,
                750.1706574637541,
                1015.8448671511459,
                882.5622879192995,
                9.582264379291116,
                0.004198854233652043,
                757.1402923947129,
                7.993285114202078,
                0.171993862531298
            ]
        },
        "train_num_timesteps": [
            12
        ],
        "val_num_timesteps": [
            12
        ]
    },
    "geowiki_landcover_2017,Kenya,Mali,Mali_lower_CEO_2019,Mali_upper_CEO_2019,Togo,Rwanda,Uganda,open_buildings,digitalearthafrica_eastern,digitalearthafrica_sahel,Ethiopia,Ethiopia_Tigray_2020,Ethiopia_Tigray_2021,Ethiopia_Bure_Jimma_2019,Ethiopia_Bure_Jimma_2020,Argentina_Buenos_Aires,Malawi_CEO_2020,Malawi_FAO,Malawi_FAO_corrected,Zambia_CEO_2019,Tanzania_CEO_2019_February": {
        "input_size": 18,
        "normalizing_dict": {
            "mean": [
                -11.033386796016535,
                -18.018976191198224,
                1433.8199719408185,
                1384.6012731718602,
                1397.4373916025886,
                1634.7738772135226,
                2410.369848819301,
                2787.5825460248516,
                2670.2609706349203,
                3039.7801021600985,
                830.3091768734909,
                2369.0793116322525,
                1540.8349344374844,
                293.3600375843729,
                0.003718292588422521,
                875.5542951788541,
                6.0339887029961,
                0.3505631423339237
            ],
            "std": [
                4.161017874650202,
                4.947001962038348,
                1119.8179687186043,
                1060.1733975222605,
                1245.935804662625,
                1197.080416917388,
                1124.4087549400606,
                1170.189928121155,
                1116.566086221437,
                1176.7088847009384,
                696.9184542651026,
                1013.1761304266251,
                893.2446232658027,
                8.84725911105015,
                0.004249147043191963,
                706.0507680656975,
                7.55097833997108,
                0.1632404493265522
            ]
        },
        "train_num_timesteps": [
            12,
            9
        ],
        "val_num_timesteps": [
            12
        ]
    },
    "geowiki_landcover_2017,Kenya,Mali,Mali_lower_CEO_2019,Mali_upper_CEO_2019,Togo,Rwanda,Uganda,open_buildings,digitalearthafrica_eastern,digitalearthafrica_sahel,Ethiopia,Ethiopia_Tigray_2020,Ethiopia_Tigray_2021,Ethiopia_Bure_Jimma_2019,Ethiopia_Bure_Jimma_2020,Argentina_Buenos_Aires,Malawi_CEO_2020,Malawi_FAO,Malawi_FAO_corrected,Zambia_CEO_2019,Tanzania_CEO_2019_February_2021": {
        "input_size": 18,
        "normalizing_dict": {
            "mean": [
                -11.038873663002013,
                -18.000785473361226,
                1409.6412334946606,
                1360.730912225575,
                1365.0839330246627,
                1604.436959136061,
                2385.342335695327,
                2763.374849971559,
                2647.3436008436447,
                3017.079630883553,
                812.4362192424167,
                2352.7684434171933,
                1522.7597114144446,
                293.53002116859693,
                0.003787827033759828,
                899.3691556146085,
                5.934540414751505,
                0.3514788825386119
            ],
            "std": [
                4.1681454978480605,
                4.986372099217948,
                1084.351597175727,
                1027.72897078545,
                1210.0673097763981,
                1161.649513884958,
                1098.410870581447,
                1149.0794991214957,
                1097.1277642432951,
                1159.873671068233,
                676.9917507481666,
                1004.0627218767175,
                882.7714692100858,
                8.510566023847133,
                0.004264930263756735,
                692.51086129953,
                7.452741341635183,
                0.1674853993731276
            ]
        },
        "train_num_timesteps": [
            12,
            9
        ],
        "val_num_timesteps": [
            12
        ]
    },