{
    "geowiki_landcover_2017,Kenya,Mali,Togo,Rwanda,Uganda,open_buildings,digitalearthafrica_eastern,Ethiopia,digitalearthafrica_sahel_2020": {
        "input_size": 12,
        "normalizing_dict": {
            "mean": [
                0.16907883179386124,
                0.14858415024908656,
                0.14228814340585277,
                0.14306539430344986,
                0.16576562624666843,
                0.24081580678901585,
                0.2772184406358349,
                0.2653610036210688,
                0.3011047284960246,
                0.08581844575034876,
                0.007747239441086042,
                0.22936560399852118,
                0.15014649643007136,
                0.33703068318378276
            ],
            "std": [
                0.11564273220601438,
                0.11785717609489861,
                0.11155306336961308,
                0.1297332725488836,
                0.12542955934536065,
                0.11931039566351849,
                0.1240716389788373,
                0.11879686019723135,
                0.12535580210861438,
                0.07419869971600955,
                0.02179893735856179,
                0.10421310420843541,
                0.09001734670768546,
                0.218487603353425
            ]
        },
        "num_timesteps": [
            12
        ]
    },
    "geowiki_landcover_2017,Kenya,Mali,Togo,Rwanda,digitalearthafrica_eastern,Ethiopia_2020": {
        "input_size": 12,
        "normalizing_dict": {
            "mean": [
                0.17461996805313285,
                0.15297471715029545,
                0.1453961813710618,
                0.1462579497815515,
                0.1692812124340249,
                0.2408183143609448,
                0.27619804625349975,
                0.2654745308987982,
                0.30012376300603855,
                0.08898190977220576,
                0.007670950292951647,
                0.2261686879687805,
                0.1480753972838887,
                0.3303438760275053
            ],
            "std": [
                0.12569591979880082,
                0.12829325589227883,
                0.12074554258148117,
                0.13835009919396854,
                0.1337134288571923,
                0.12762455923276447,
                0.13223155642073947,
                0.1264743059354064,
                0.13321250842052818,
                0.0793919012697038,
                0.022956924929452147,
                0.1037444082567933,
                0.08822465185593101,
                0.2276291543853508
            ]
        },
        "num_timesteps": [
            12
        ]
    }
}