{
    "geowiki_landcover_2017,Kenya,Mali,Mali_lower_CEO_2019,Mali_upper_CEO_2019,Togo,Rwanda,Ethiopia,digitalearthafrica_eastern,Ethiopia_Bure_Jimma_2019,Ethiopia_Bure_Jimma_2020_February_2020": {
        "input_size": 18,
        "normalizing_dict": {
            "mean": [
                -11.196210926690087,
                -18.17646796004046,
                1475.8630169132412,
                1415.46852421141,
                1422.9729690588358,
                1666.3266406473117,
                2427.155945040811,
                2798.194998386093,
                2688.4298670995504,
                3049.59204625559,
                862.5493800678,
                2330.8246147948507,
                1511.0249247537267,
                292.77610113618675,
                0.0036559859011097676,
                843.1126980642034,
                6.412934974192616,
                0.3452864060625469
            ],
            "std": [
                4.167433811000024,
                5.036973917281472,
                1216.65333689451,
                1144.591366410255,
                1325.6801949134087,
                1273.7558949700415,
                1197.2855255236586,
                1239.6925400344414,
                1183.515008571501,
                1243.957056010362,
                745.3661489725215,
                1010.6732616934129,
                878.3660532933953,
                9.550628508260681,
                0.004232639032530119,
                753.2629574873702,
                7.959864065071658,
                0.17126663782135296
            ]
        },
        "train_num_timesteps": [
            12
        ],
        "val_num_timesteps": [
            12
        ]
    },
    "geowiki_landcover_2017,Kenya,Mali,Mali_lower_CEO_2019,Mali_upper_CEO_2019,Togo,Rwanda,Ethiopia,digitalearthafrica_eastern,Ethiopia_Tigray_2020,Ethiopia_Bure_Jimma_2019,Ethiopia_Bure_Jimma_2020_February": {
        "input_size": 18,
        "normalizing_dict": {
            "mean": [
                -11.17027809529621,
                -18.160448711895153,
                1471.3191974221959,
                1412.730948685442,
                1422.4217127671964,
                1664.867105756558,
                2421.094644271818,
                2790.327044276115,
                2680.952427340822,
                3040.76367348323,
                860.2918170337664,
                2332.5396316514343,
                1514.1669518120978,
                292.84176282105807,
                0.003644005877224994,
                854.4931039583686,
                6.538788673033174,
                0.34441562775156465
            ],
            "std": [
                4.173229017801081,
                5.027143557585871,
                1206.6787988921394,
                1135.1970109626518,
                1315.3340678867416,
                1263.5961581726044,
                1189.0447897453782,
                1232.3222807611503,
                1176.5165670444946,
                1237.352510264323,
                739.8343372037226,
                1006.8737225486315,
                875.340674972785,
                9.497820415936278,
                0.004285818956390595,
                755.7304522580346,
                8.095802464502869,
                0.17041504183808184
            ]
        },
        "train_num_timesteps": [
            12,
            9
        ],
        "val_num_timesteps": [
            9
        ]
    },
    "geowiki_landcover_2017,digitalearthafrica_eastern,Ethiopia,Kenya,Mali,Ethiopia_Tigray_2020_February": {
        "input_size": 18,
        "normalizing_dict": {
            "mean": [
                -11.240226045867017,
                -18.223426670085914,
                1491.1122935145752,
                1427.1885498008069,
                1439.541365419164,
                1679.7821506619794,
                2421.509017561916,
                2784.0462991817762,
                2676.785118584125,
                3031.374019466125,
                873.9056977676883,
                2314.8602502591784,
                1508.5386205271654,
                292.38334974210267,
                0.0035444491923998424,
                833.681349114767,
                6.390881354028908,
                0.3403393231183005
            ],
            "std": [
                4.165140689466805,
                5.029635461779946,
                1251.8987190036344,
                1174.5433234308994,
                1352.920794337441,
                1302.0653412647102,
                1225.4569853197604,
                1264.707240567539,
                1207.7782044977923,
                1266.9939032323894,
                763.8697214496697,
                995.1087951314662,
                864.9857429695979,
                9.78100011664965,
                0.004161555445566931,
                751.997656359636,
                8.086011685764046,
                0.17180822496747275
            ]
        },
        "num_timesteps": [
            12,
            9
        ]
    },
    "geowiki_landcover_2017,digitalearthafrica_eastern,Ethiopia,Kenya,Mali_February": {
        "input_size": 18,
        "normalizing_dict": {
            "mean": [
                -11.267900454136225,
                -18.24245584877497,
                1496.011465548681,
                1430.1831563199034,
                1440.4643832615304,
                1681.5126549918784,
                2427.4892540367255,
                2791.7539163980955,
                2684.134950895025,
                3040.0849144622803,
                876.1229866648719,
                2312.97017882539,
                1505.2973478686295,
                292.32235318809535,
                0.003553134336215784,
                820.8479175390836,
                6.257513203930875,
                0.34111015270525985
            ],
            "std": [
                4.157434236490236,
                5.040227902988688,
                1262.0123504803926,
                1184.0735372518068,
                1363.4400757801418,
                1312.3864475152923,
                1233.9612304303496,
                1272.3928072953952,
                1215.0634540286683,
                1273.9049753653626,
                769.5354931623051,
                998.4620033947178,
                867.6340260213536,
                9.840217651777424,
                0.004112831123420872,
                748.1926525123375,
                7.943469269383024,
                0.17269270643734397
            ]
        },
        "num_timesteps": [
            12,
            9
        ]
    },
    "geowiki_landcover_2017,digitalearthafrica_eastern,Ethiopia,Kenya,Mali_February_2020": {
        "input_size": 18,
        "normalizing_dict": {
            "mean": [
                -11.2706209139215,
                -18.242608355358396,
                1496.5927708316628,
                1430.5424751680719,
                1440.5086284167357,
                1681.7183509279155,
                2428.285875588369,
                2792.7030114129134,
                2685.049181446902,
                3041.03931330379,
                876.7062844361056,
                2312.58197626264,
                1504.9144517934612,
                292.3006111295316,
                0.0035557813980389074,
                820.5458775349305,
                6.2473083690557445,
                0.3412279339064578
            ],