{
    "geowiki_landcover_2017,Kenya,Mali,Togo,Rwanda,Uganda,open_buildings,digitalearthafrica_eastern,Ethiopia": {
        "input_size": 12,
        "normalizing_dict": {
            "mean": [
                0.16904431025824204,
                0.14822081754024613,
                0.14109305130442068,
                0.14024227552665977,
                0.16307034004704118,
                0.23890687151428108,
                0.2753209752068342,
                0.26361716279439923,
                0.2991768064916969,
                0.08545172944255072,
                0.00778818650384614,
                0.2243973686992814,
                0.14557849139640242,
                0.3412041463946797
            ],
            "std": [
                0.11694257205665518,
                0.11907094458023045,
                0.11211949393238663,
                0.12865045902659425,
                0.12438197155108291,
                0.1189103937302099,
                0.12371340274655995,
                0.11853627725104642,
                0.12502519613026222,
                0.07429700901506801,
                0.02183518626935829,
                0.09734270867728363,
                0.08279926002147008,
                0.21777189315569165
            ]
        },
        "num_timesteps": 12
    },
    "geowiki_landcover_2017,Kenya,Mali,Togo,Rwanda,Uganda,open_buildings,digitalearthafrica_eastern,Ethiopia,digitalearthafrica_sahel": {
        "input_size": 12,
        "normalizing_dict": {
            "mean": [
                0.16913434935175056,
                0.14866219157733665,
                0.14238773350531098,
                0.14319331510602076,
                0.16588388555922032,
                0.24086827610264613,
                0.27721737040069755,
                0.2653670614631405,
                0.3010669525626354,
                0.08590522889699233,
                0.007729527222548731,
                0.22939369239601184,
                0.1502010756176192,
                0.33646084451510283
            ],
            "std": [
                0.11556870994037637,
                0.11777750935551677,
                0.11148250342283546,
                0.12968170677447993,
                0.12541248415752848,
                0.11934247031729672,
                0.12409036472181682,
                0.11882024632676608,
                0.1253669479128789,
                0.07410913042065582,
                0.021602101197770545,
                0.1042017014571282,
                0.08997640737556854,
                0.21813635416812763
            ]
        },
        "num_timesteps": 12
    },
    "geowiki_landcover_2017,Kenya,Mali,Togo,Rwanda,Uganda,open_buildings,digitalearthafrica_eastern,digitalearthafrica_sahel,Ethiopia": {
        "input_size": 12,
        "normalizing_dict": {
            "mean": [
                0.16913434935175056,
                0.14866219157733665,
                0.14238773350531098,
                0.14319331510602076,
                0.16588388555922032,
                0.24086827610264613,
                0.27721737040069755,
                0.2653670614631405,
                0.3010669525626354,
                0.08590522889699233,
                0.007729527222548731,
                0.22939369239601184,
                0.1502010756176192,
                0.33646084451510283
            ],
            "std": [
                0.11556870994037637,
                0.11777750935551677,
                0.11148250342283546,
                0.12968170677447993,
                0.12541248415752848,
                0.11934247031729672,
                0.12409036472181682,
                0.11882024632676608,
                0.1253669479128789,
                0.07410913042065582,
                0.021602101197770545,
                0.1042017014571282,
                0.08997640737556854,
                0.21813635416812763
            ]
        },
        "num_timesteps": 12
    }
}