{
    "geowiki_landcover_2017,Kenya,Mali,Togo,Rwanda,Uganda,open_buildings,digitalearthafrica_eastern,Ethiopia": {
        "input_size": 12,
        "normalizing_dict": {
            "mean": [
                0.16913609211957134,
                0.14826364424081664,
                0.14108213805273276,
                0.14014301981452013,
                0.16300620100444332,
                0.23904674360880973,
                0.27555930295740444,
                0.2638329851549435,
                0.29945515871131384,
                0.08546005642072443,
                0.007825091528713982,
                0.22434461101615716,
                0.14549178734212576,
                0.34230778083678504
            ],
            "std": [
                0.11726069451503038,
                0.11940646077959638,
                0.11243362229517752,
                0.12897855153048682,
                0.12466762410872036,
                0.11907188809968008,
                0.12385923783674511,
                0.11867425103307765,
                0.12516586086139603,
                0.07453935383505259,
                0.022083232517775147,
                0.09750979181326686,
                0.08298908909219582,
                0.2181995186117075
            ]
        },
        "num_timesteps": 12
    },
    "geowiki_landcover_2017,Kenya,Mali,Togo,Rwanda,Uganda,open_buildings,digitalearthafrica_eastern,Ethiopia,digitalearthafrica_sahel": {
        "input_size": 12,
        "normalizing_dict": {
            "mean": [
                0.16922356813989906,
                0.14870301582163378,
                0.14237448884161122,
                0.14309067505279702,
                0.16581572875076833,
                0.24100055830468234,
                0.27744568515006757,
                0.2655737505588219,
                0.30133426598219554,
                0.08591242401352397,
                0.007765593221209678,
                0.2293322136408301,
                0.1501072859660655,
                0.33754542449020536
            ],
            "std": [
                0.11588497865638352,
                0.11811037710579078,
                0.11179166097603431,
                0.12999895188816626,
                0.12568784409050518,
                0.1194961416773659,
                0.12422772642394421,
                0.11895069404515893,
                0.12549886486092113,
                0.07434612632390461,
                0.021846890760843767,
                0.10434307672381925,
                0.09013726805761263,
                0.21857492395148817
            ]
        },
        "num_timesteps": 12
    },
    "geowiki_landcover_2017,Kenya,Mali,Togo,Rwanda,Uganda,open_buildings,digitalearthafrica_eastern,digitalearthafrica_sahel,Ethiopia": {
        "input_size": 12,
        "normalizing_dict": {
            "mean": [
                0.16922356813989906,
                0.14870301582163378,
                0.14237448884161122,
                0.14309067505279702,
                0.16581572875076833,
                0.24100055830468234,
                0.27744568515006757,
                0.2655737505588219,
                0.30133426598219554,
                0.08591242401352397,
                0.007765593221209678,
                0.2293322136408301,
                0.1501072859660655,
                0.33754542449020536
            ],
            "std": [
                0.11588497865638352,
                0.11811037710579078,
                0.11179166097603431,
                0.12999895188816626,
                0.12568784409050518,
                0.1194961416773659,
                0.12422772642394421,
                0.11895069404515893,
                0.12549886486092113,
                0.07434612632390461,
                0.021846890760843767,
                0.10434307672381925,
                0.09013726805761263,
                0.21857492395148817
            ]
        },
        "num_timesteps": 12
    }
}