{
    "geowiki_landcover_2017,Kenya,Mali,Togo,Rwanda,Uganda,open_buildings,digitalearthafrica_eastern,Ethiopia": {
        "input_size": 12,
        "normalizing_dict": {
            "mean": [
                0.16913049330547905,
                0.1482610877673314,
                0.1410823687209193,
                0.14014610844701272,
                0.1630111460608331,
                0.23905319203094103,
                0.2755664152924165,
                0.26384270170607005,
                0.2994644745935277,
                0.08546350417813975,
                0.00782502162926381,
                0.22435879651610427,
                0.14550015061353758,
                0.34232501357544054
            ],
            "std": [
                0.11728433924789636,
                0.11942814891386394,
                0.11245387414498718,
                0.12899914208908275,
                0.12468736275092661,
                0.1190889650727156,
                0.12387534825057923,
                0.11868886239130974,
                0.12518211779362984,
                0.07455299524927923,
                0.022088243121003406,
                0.09751449034122302,
                0.0829928434011131,
                0.21821819971379613
            ]
        },
        "num_timesteps": 12
    },
    "geowiki_landcover_2017,Kenya,Mali,Togo,Rwanda,Uganda,open_buildings,digitalearthafrica_eastern,Ethiopia,digitalearthafrica_sahel": {
        "input_size": 12,
        "normalizing_dict": {
            "mean": [
                0.16921811458477873,
                0.14870052567482123,
                0.14237471352520767,
                0.14309368355197152,
                0.1658205455096648,
                0.2410068394251026,
                0.27745261295841556,
                0.2655832150179642,
                0.30134334016762243,
                0.08591578232026563,
                0.007765525135272532,
                0.22934603110371057,
                0.15011543225578133,
                0.33756221013241416
            ],
            "std": [
                0.11590828747425076,
                0.11813174364044389,
                0.11181149810703542,
                0.13001878266472922,
                0.12570680696889275,
                0.11951261389678156,
                0.12424326716421219,
                0.1189647547879011,
                0.12551452218419062,
                0.07435942794832184,
                0.021851823981959558,
                0.10434669322191654,
                0.09014021786251997,
                0.21859345486550064
            ]
        },
        "num_timesteps": 12
    },
    "geowiki_landcover_2017,Kenya,Mali,Togo,Rwanda,Uganda,open_buildings,digitalearthafrica_eastern,digitalearthafrica_sahel,Ethiopia": {
        "input_size": 12,
        "normalizing_dict": {
            "mean": [
                0.16921811458477873,
                0.14870052567482123,
                0.14237471352520767,
                0.14309368355197152,
                0.1658205455096648,
                0.2410068394251026,
                0.27745261295841556,
                0.2655832150179642,
                0.30134334016762243,
                0.08591578232026563,
                0.007765525135272532,
                0.22934603110371057,
                0.15011543225578133,
                0.33756221013241416
            ],
            "std": [
                0.11590828747425076,
                0.11813174364044389,
                0.11181149810703542,
                0.13001878266472922,
                0.12570680696889275,
                0.11951261389678156,
                0.12424326716421219,
                0.1189647547879011,
                0.12551452218419062,
                0.07435942794832184,
                0.021851823981959558,
                0.10434669322191654,
                0.09014021786251997,
                0.21859345486550064
            ]
        },
        "num_timesteps": 12
    }
}