{
    "Argentina_Buenos_Aires": {
        "input_size": 12,
        "normalizing_dict": {
            "mean": [
                0.13854738607771827,
                0.11493919485602448,
                0.1033618954431087,
                0.09664565278166058,
                0.12518171652222534,
                0.20131302767682416,
                0.2340071568353367,
                0.23164934302488088,
                0.26068249930109016,
                0.0918433324014538,
                0.0019245177523064005,
                0.20492057590159315,
                0.1340799552697789,
                0.39950006915610414
            ],
            "std": [
                0.026146483428069533,
                0.017961721547844468,
                0.020016776076140583,
                0.029418004837873525,
                0.03451541798055822,
                0.051430003725960405,
                0.06311959649007301,
                0.06353548837669497,
                0.06846387138258639,
                0.03065212978337147,
                0.002268123614272478,
                0.05148405898246867,
                0.04588339385134786,
                0.14681924213424344
            ]
        },
        "num_timesteps": [
            7
        ]
    },
    "Argentina_Buenos_Aires,geowiki_landcover_2017": {
        "input_size": 12,
        "normalizing_dict": {
            "mean": [
                0.1919334517293732,
                0.16954543545734813,
                0.1590624049566857,
                0.16158021010995965,
                0.18386010374120604,
                0.25138099250915513,
                0.28561869593879174,
                0.2752968255941858,
                0.30910250555420393,
                0.10048814671099104,
                0.008727803440679732,
                0.2257490021184604,
                0.1503383994951379,
                0.3165278075472385
            ],
            "std": [
                0.14763161039572745,
                0.15096046424832796,
                0.14225442522109105,
                0.16168443890061757,
                0.15686161273988933,
                0.14783084466615104,
                0.15095826111460592,
                0.14408498283543061,
                0.15056208210921998,
                0.09228687990457607,
                0.027006906818862267,
                0.11252277090641734,
                0.09567694447959453,
                0.2354193190786017
            ]
        },
        "num_timesteps": [
            12,
            7
        ]
    },
    "geowiki_landcover_2017,Argentina_Buenos_Aires_2020": {
        "input_size": 12,
        "normalizing_dict": {
            "mean": [
                0.19238524448987027,
                0.17000755424959335,
                0.1595337842697534,
                0.16212973483235504,
                0.18435668407953218,
                0.2518047050222978,
                0.2860554713302804,
                0.2756662031910924,
                0.309512271811024,
                0.10056130558631203,
                0.008785377925408691,
                0.22592526781743053,
                0.15047599059327071,
                0.3158256342992305
            ],
            "std": [
                0.1481534059872387,
                0.15150492591353817,
                0.1427505117246165,
                0.16223373025477889,
                0.1573986420758518,
                0.1483075569301231,
                0.15140940877872502,
                0.14451907115181903,
                0.1510003882002152,
                0.09263022011503323,
                0.027112856632212995,
                0.11288222448272996,
                0.09597645031221518,
                0.23590285260284638
            ]
        },
        "num_timesteps": [
            12
        ]
    },
    "geowiki_landcover_2017,Kenya,Mali,Togo,Rwanda,Uganda,open_buildings,digitalearthafrica_eastern,Ethiopia,digitalearthafrica_sahel_2020": {
        "input_size": 12,
        "normalizing_dict": {
            "mean": [
                0.16907883179386124,
                0.14858415024908656,
                0.14228814340585277,
                0.14306539430344986,
                0.16576562624666843,
                0.24081580678901585,
                0.2772184406358349,
                0.2653610036210688,
                0.3011047284960246,
                0.08581844575034876,
                0.007747239441086042,
                0.22936560399852118,
                0.15014649643007136,
                0.33703068318378276
            ],
            "std": [
                0.11564273220601438,
                0.11785717609489861,
                0.11155306336961308,
                0.1297332725488836,
                0.12542955934536065,
                0.11931039566351849,
                0.1240716389788373,
                0.11879686019723135,
                0.12535580210861438,
                0.07419869971600955,
                0.02179893735856179,
                0.10421310420843541,
                0.09001734670768546,
                0.218487603353425
            ]
        },
        "num_timesteps": [
            12
        ]
    },
    "geowiki_landcover_2017,Kenya,Mali,Togo,Rwanda,digitalearthafrica_eastern,Ethiopia,Argentina_Buenos_Aires_2020": {
        "input_size": 12,
        "normalizing_dict": {
            "mean": [
                0.17456157512268272,
                0.1529353630300785,
                0.14540081036869873,
                0.14633411617591374,
                0.1693496162073745,
                0.2408634849628869,
                0.2762593882911693,
                0.2655230138731395,
                0.30020314867245423,
                0.08892315795268829,
                0.007663798603246433,
                0.22649614477161306,
                0.1483245970177472,
                0.3301109644234301
            ],
            "std": [
                0.12548981527398526,
                0.12808383802791237,
                0.12055430163772463,
                0.13816195948706897,
                0.13352299624483924,
                0.12743366252850197,
                0.13204478582220242,
                0.12629326379670944,
                0.1330329789333421,
                0.07928477559555877,
                0.022922889260858805,
                0.10386335620358227,
                0.08833916164366074,
                0.22745186162669426
            ]
        },
        "num_timesteps": [
            12
        ]
    },
    "geowiki_landcover_2017,Kenya,Mali,Togo,Rwanda,digitalearthafrica_eastern,Ethiopia_2020": {
        "input_size": 12,
        "normalizing_dict": {
            "mean": [
                0.17461996805313285,
                0.15297471715029545,
                0.1453961813710618,
                0.1462579497815515,
                0.1692812124340249,
                0.2408183143609448,
                0.27619804625349975,
                0.2654745308987982,
                0.30012376300603855,
                0.08898190977220576,
                0.007670950292951647,
                0.2261686879687805,
                0.1480753972838887,
                0.3303438760275053
            ],
            "std": [
                0.12569591979880082,
                0.12829325589227883,
                0.12074554258148117,
                0.13835009919396854,
                0.1337134288571923,
                0.12762455923276447,
                0.13223155642073947,
                0.1264743059354064,
                0.13321250842052818,
                0.0793919012697038,
                0.022956924929452147,
                0.1037444082567933,
                0.08822465185593101,
                0.2276291543853508
            ]
        },
        "num_timesteps": [
            12
        ]
    }
}