{
    "geowiki_landcover_2017,Kenya,Mali,Togo,Rwanda,Uganda,open_buildings,digitalearthafrica_eastern,Ethiopia": {
        "input_size": 12,
        "normalizing_dict": {
            "mean": [
                0.1690430001635326,
                0.1481782271125455,
                0.14100670388483263,
                0.1400602936832024,
                0.16291399189166192,
                0.23893879076588898,
                0.2754450180155932,
                0.2637226741946889,
                0.2993363519345148,
                0.08540472586226687,
                0.007821225957226785,
                0.22428820598444218,
                0.14545215395815564,
                0.34223559878252263
            ],
            "std": [
                0.11719427221205768,
                0.11934073989799228,
                0.11238622615624602,
                0.1289160734019736,
                0.12461320604808418,
                0.11907702222697099,
                0.12389249581310639,
                0.1187096631442463,
                0.12522292883355016,
                0.07449924669355684,
                0.022059659550335262,
                0.09755743277098439,
                0.08300564786154911,
                0.21819006927545798
            ]
        },
        "num_timesteps": 12
    },
    "geowiki_landcover_2017,Kenya,Mali,Togo,Rwanda,Uganda,open_buildings,digitalearthafrica_eastern,Ethiopia,digitalearthafrica_sahel": {
        "input_size": 12,
        "normalizing_dict": {
            "mean": [
                0.16913289141705876,
                0.14861981480624892,
                0.14230101178272636,
                0.14301009521754057,
                0.16572591196616782,
                0.24089540625465264,
                0.27733436528491595,
                0.26546630157187046,
                0.30121854159924155,
                0.08585852898405348,
                0.007761827940413363,
                0.22927727201488068,
                0.15006868085423195,
                0.33747511517019096
            ],
            "std": [
                0.11581958106978793,
                0.1180459693896829,
                0.1117460799613601,
                0.12994040162760942,
                0.1256372779971934,
                0.11950284528294258,
                0.1242617168378237,
                0.11898668067012587,
                0.12555603851942612,
                0.07430728705604753,
                0.02182367078920417,
                0.10438906971679644,
                0.09015409503789273,
                0.2185642039041361
            ]
        },
        "num_timesteps": 12
    },
    "geowiki_landcover_2017,Kenya,Mali,Togo,Rwanda,Uganda,open_buildings,digitalearthafrica_eastern,digitalearthafrica_sahel,Ethiopia": {
        "input_size": 12,
        "normalizing_dict": {
            "mean": [
                0.16913289141705876,
                0.14861981480624892,
                0.14230101178272636,
                0.14301009521754057,
                0.16572591196616782,
                0.24089540625465264,
                0.27733436528491595,
                0.26546630157187046,
                0.30121854159924155,
                0.08585852898405348,
                0.007761827940413363,
                0.22927727201488068,
                0.15006868085423195,
                0.33747511517019096
            ],
            "std": [
                0.11581958106978793,
                0.1180459693896829,
                0.1117460799613601,
                0.12994040162760942,
                0.1256372779971934,
                0.11950284528294258,
                0.1242617168378237,
                0.11898668067012587,
                0.12555603851942612,
                0.07430728705604753,
                0.02182367078920417,
                0.10438906971679644,
                0.09015409503789273,
                0.2185642039041361
            ]
        },
        "num_timesteps": 12
    }
}