{
    "geowiki_landcover_2017,Kenya,Mali,Togo,Rwanda,Uganda,open_buildings,digitalearthafrica_eastern,Ethiopia,digitalearthafrica_sahel_2020": {
        "input_size": 12,
        "normalizing_dict": {
            "mean": [
                0.1681775061208621,
                0.14754278081163844,
                0.1412464312524823,
                0.1414537727355222,
                0.1642703053319085,
                0.23995627910172088,
                0.2765413227205637,
                0.2646354112388406,
                0.30045746868421663,
                0.08495056805079655,
                0.007753711158868136,
                0.22823122697008297,
                0.14892450198959023,
                0.3395462915571244
            ],
            "std": [
                0.1139436835833967,
                0.11614484189966387,
                0.10999620119490588,
                0.12806272951865724,
                0.12377610021847534,
                0.11802516837516085,
                0.12303206856382568,
                0.11782676991237542,
                0.12454175913166306,
                0.07326253951004727,
                0.02159980215254758,
                0.10379591981912241,
                0.08954295443486379,
                0.21967769361836736
            ]
        },
        "num_timesteps": [
            12
        ]
    },
    "geowiki_landcover_2017,Kenya,Mali,Togo,Rwanda,digitalearthafrica_eastern,Ethiopia,Ethiopia_Bure_Jimma_2019_2020": {
        "input_size": 12,
        "normalizing_dict": {
            "mean": [
                0.1719237774872959,
                0.15020090050835558,
                0.14290711416121857,
                0.14280158721859257,
                0.16617008017429588,
                0.2397688444444522,
                0.2757808806100245,
                0.2649062271604784,
                0.29983481713870375,
                0.08733420798837814,
                0.0075668413943359445,
                0.22494922483659635,
                0.1463591289760393,
                0.33808926844626686
            ],
            "std": [
                0.12175329498530846,
                0.12427420277962775,
                0.11701974692780145,
                0.13439768837083674,
                0.129738673649237,
                0.12403322816218253,
                0.1289932485792801,
                0.12345480140635348,
                0.1302881097651915,
                0.0769882223109567,
                0.022306933474992876,
                0.10215227916752956,
                0.0869809516588852,
                0.22813201896564395
            ]
        },
        "num_timesteps": [
            12
        ]
    },
    "geowiki_landcover_2017,Kenya,Mali,Togo,Rwanda,digitalearthafrica_eastern,Ethiopia,Ethiopia_Bure_Jimma_2020_2020": {
        "input_size": 12,
        "normalizing_dict": {
            "mean": [
                0.17195129999826203,
                0.15022456259703756,
                0.14291996659514347,
                0.1428107165907877,
                0.16617608558504082,
                0.23977866435828193,
                0.2757922946430134,
                0.26492538274575017,
                0.29984478387146896,
                0.08734574880364523,
                0.007570880504242095,
                0.2249004017885661,
                0.14632100624488045,
                0.338175597735432
            ],
            "std": [
                0.12181761849738058,
                0.12434167216962144,
                0.11708552221635696,
                0.13447014265611812,
                0.12980822485094676,
                0.12407809207495062,
                0.12902910897932254,
                0.12349123460601448,
                0.13031675079213656,
                0.07702311781806258,
                0.022315099102712718,
                0.1021687693412626,
                0.08700104540221257,
                0.2281792657322005
            ]
        },
        "num_timesteps": [
            12
        ]
    },
    "geowiki_landcover_2017,Kenya,Mali,Togo,Rwanda,digitalearthafrica_eastern,Ethiopia,Ethiopia_Tigray_2020_2020": {
        "input_size": 12,
        "normalizing_dict": {
            "mean": [
                0.1720508110399002,
                0.1504692111084086,
                0.14331114512214635,
                0.14371439044285236,
                0.1668830955947259,
                0.23941796842344623,
                0.2750486412033859,
                0.2642044009219082,
                0.2989390635885423,
                0.08739030656378931,
                0.0075561256153921785,
                0.2257013608285685,
                0.1473324476917051,
                0.33359734236815003
            ],
            "std": [
                0.12156787599023168,
                0.12405701814482638,
                0.11681003970346321,
                0.13413008381736657,
                0.1295214878235894,
                0.12390439718283867,
                0.12881443637442203,
                0.1232785908152813,
                0.13013098328646067,
                0.07691041525964537,
                0.02227178483499903,
                0.10240965310753175,
                0.08711405234245527,
                0.22688238191448754
            ]
        },
        "num_timesteps": [
            12
        ]
    },
    "geowiki_landcover_2017,Kenya,Mali,Togo,Rwanda,digitalearthafrica_eastern,Ethiopia,Mali_lower_CEO_2019_2020": {
        "input_size": 12,
        "normalizing_dict": {
            "mean": [
                0.1723582424402076,
                0.15066206185416123,
                0.14337601548549866,
                0.1435848076754216,
                0.16684816281725312,
                0.23984072333949225,
                0.2756939887591061,
                0.26480176663446886,
                0.29975389523139395,
                0.0873015516231963,
                0.007592256227862227,
                0.22592099309153565,
                0.14719451816398607,
                0.33545677085126396
            ],
            "std": [
                0.12193708000631505,
                0.12446660537514577,
                0.11719473814915325,
                0.1345751524026602,
                0.12994855801420904,
                0.12420963263798405,
                0.12906583150098797,
                0.1235112047896636,
                0.13033149498444566,
                0.07721233545465922,
                0.022360802029721603,
                0.10262978923899568,
                0.08723320678916581,
                0.22705869421626054
            ]
        },
        "num_timesteps": [
            12
        ]
    },
    "geowiki_landcover_2017,Kenya,Mali,Togo,Rwanda,digitalearthafrica_eastern,Ethiopia,Mali_upper_CEO_2019_2020": {
        "input_size": 12,
        "normalizing_dict": {
            "mean": [
                0.17266393627030277,
                0.1511433330995914,
                0.14418301120792337,
                0.14507007330727217,
                0.16823446274449097,
                0.24086033357876946,
                0.2766824993133754,
                0.26570792983655633,
                0.30069657495223145,
                0.0876358855015806,
                0.007642655686646406,
                0.22797101090405003,
                0.14900481887933023,
                0.33316786764030415
            ],