{
    "geowiki_landcover_2017,Kenya,Mali,Mali_lower_CEO_2019,Mali_upper_CEO_2019,Togo,Rwanda,Uganda,open_buildings,digitalearthafrica_eastern,digitalearthafrica_sahel,Ethiopia,Ethiopia_Tigray_2020,Ethiopia_Tigray_2021,Ethiopia_Bure_Jimma_2019,Ethiopia_Bure_Jimma_2020,Argentina_Buenos_Aires,Malawi_CEO_2020,Malawi_FAO,Malawi_FAO_corrected,Zambia_CEO_2019,Tanzania_CEO_2019_September_2020": {
        "input_size": 18,
        "normalizing_dict": {
            "mean": [
                -11.015462734984824,
                -17.973762288164213,
                1411.6329289419282,
                1362.6136938838222,
                1365.136200156472,
                1605.481320721996,
                2392.613308861057,
                2772.4932324652264,
                2655.7776355726596,
                3026.17048861085,
                814.9787134784413,
                2350.746414892994,
                1519.673367063024,
                293.49004558693696,
                0.0038240989472586306,
                910.6962992482329,
                6.006600842810862,
                0.3529944533026492
            ],
            "std": [
                4.177239280259942,
                4.997522444470167,
                1089.1728387666553,
                1032.049548814295,
                1214.8129721290115,
                1165.8986146839725,
                1100.0228235872794,
                1149.6834314508835,
                1097.9767322762139,
                1160.0290135635341,
                678.9972763201782,
                1004.3958242682708,
                883.6745797729302,
                8.50788896752733,
                0.004250527062767043,
                696.1484269133246,
                7.506922172636122,
                0.16697444711462273
            ]
        },
        "train_num_timesteps": [
            12
        ],
        "val_num_timesteps": [
            12
        ]
    }
}